solver_name,num_runs,avg_distance,median_distance,avg_runtime_seconds,median_runtime_seconds,feasibility_rate,avg_gap_vs_ortools_percent,median_gap_vs_ortools_percent
Nearest Neighbor,20,7.41650855214876,7.53888188035458,0.0011471699981484562,0.000817699998151511,100.0,28.721739213042923,28.170055927041645
Neural MLP,20,7.453823975671243,7.271273710069497,0.09584064500231762,0.08927379999659024,100.0,29.482198362318172,28.78277377607824
OR-Tools,20,5.7806394373516135,5.801238227656135,1.0038153800021974,1.002913999996963,100.0,0.0,0.0
