solver_name,num_runs,avg_distance,median_distance,avg_runtime_seconds,median_runtime_seconds,feasibility_rate,avg_gap_vs_ortools_percent,median_gap_vs_ortools_percent
Hybrid MLP alpha=0.0,20,7.41650855214876,7.53888188035458,0.06537852499750443,0.06259799998952076,100.0,28.87031875135326,28.170055927041645
Hybrid MLP alpha=0.25,20,7.428222644636004,7.558647914675209,0.06247822999866912,0.059859650005819276,100.0,29.073111303720577,28.488611555873376
Hybrid MLP alpha=0.5,20,7.546075971942992,7.623140248687356,0.06478656999679515,0.0628391000063857,100.0,31.27012825730778,30.155042490629658
Hybrid MLP alpha=0.75,20,7.457870511894188,7.640325861459396,0.06590831999928923,0.059569399993051775,100.0,29.342258226503418,27.872586302688198
Hybrid MLP alpha=1.0,20,7.593922982404851,7.65917721854794,0.06121017500117887,0.059061849999125116,100.0,31.762079596094203,28.153963769433226
Nearest Neighbor,20,7.41650855214876,7.53888188035458,0.0008307949974550866,0.0007953000167617574,100.0,28.87031875135326,28.170055927041645
OR-Tools,20,5.7729804916856455,5.801238227656135,1.0034817100007785,1.0028989499987802,100.0,0.0,0.0
