solver_name,num_runs,avg_distance,median_distance,avg_runtime_seconds,median_runtime_seconds,feasibility_rate,avg_gap_vs_ortools_percent,median_gap_vs_ortools_percent
Nearest Neighbor,20,7.41650855214876,7.53888188035458,0.0010567949982942082,0.0008429499866906554,100.0,28.887847305714082,28.170055927041645
Neural MLP,20,7.453823975671243,7.271273710069497,0.07888220500753959,0.0723473000107333,100.0,29.662292414382982,29.564504773302886
OR-Tools,20,5.772075914929767,5.801238227656135,1.0036777700006496,1.003000199998496,100.0,0.0,0.0
