solver_name,num_runs,avg_distance,median_distance,avg_runtime_seconds,median_runtime_seconds,feasibility_rate,avg_gap_vs_ortools_percent,median_gap_vs_ortools_percent
Nearest Neighbor,20,7.41650855214876,7.53888188035458,0.0009372050000820309,0.0008084000000962988,100.0,28.80795241535329,28.170055927041645
Neural MLP,20,7.593922982404851,7.65917721854794,0.05221341499709524,0.04794509998464491,100.0,31.700715028259243,28.153963769433226
OR-Tools,20,5.776240813602483,5.801238227656135,1.003632210001524,1.002964700004668,100.0,0.0,0.0
