solver_name,num_runs,avg_distance,median_distance,avg_runtime_seconds,median_runtime_seconds,feasibility_rate,avg_gap_vs_ortools_percent,median_gap_vs_ortools_percent
Hybrid MLP alpha=0.0,20,7.41650855214876,7.53888188035458,0.17025132499838946,0.2118198999814922,100.0,28.534722252958215,28.170055927041645
Hybrid MLP alpha=0.25,20,7.262394548517937,7.32586468619591,0.16952136500331108,0.21462475002044812,100.0,25.906881783614967,23.870403614475094
Hybrid MLP alpha=0.5,20,7.214970992187693,7.1414760186012325,0.16494784500246168,0.20822579998639412,100.0,25.064554648738113,22.447944932105486
Hybrid MLP alpha=0.75,20,7.364234560805889,7.1854052277855125,0.1686100000035367,0.2096476000151597,100.0,27.60773067056988,24.381776334843252
Hybrid MLP alpha=1.0,20,7.453823975671243,7.271273710069497,0.16707894000137458,0.20704809999733698,100.0,29.316326047867335,28.78277377607824
Nearest Neighbor,20,7.41650855214876,7.53888188035458,0.0024362450014450586,0.0028490499971667305,100.0,28.534722252958215,28.170055927041645
OR-Tools,20,5.789902813719176,5.801238227656135,1.0075107550015674,1.0084389000112424,100.0,0.0,0.0
