solver_name,num_runs,avg_distance,median_distance,avg_runtime_seconds,median_runtime_seconds,feasibility_rate,avg_gap_vs_ortools_percent,median_gap_vs_ortools_percent
Hybrid MLP alpha=0.0,20,7.41650855214876,7.53888188035458,0.09458552500291262,0.08930050001072232,100.0,28.76480165358695,28.170055927041645
Hybrid MLP alpha=0.25,20,7.262394548517937,7.32586468619591,0.09827493500197307,0.08637055000872351,100.0,26.11983203697231,24.0368542176576
Hybrid MLP alpha=0.5,20,7.214970992187693,7.1414760186012325,0.09270000500109746,0.08865900000091642,100.0,25.267193884247927,22.447944932105486
Hybrid MLP alpha=0.75,20,7.364234560805889,7.1854052277855125,0.09069423000473761,0.08479665000049863,100.0,27.810369906079693,24.381776334843252
Hybrid MLP alpha=1.0,20,7.453823975671243,7.271273710069497,0.09183385499782162,0.08568915000068955,100.0,29.522190796256552,28.78277377607824
Nearest Neighbor,20,7.41650855214876,7.53888188035458,0.0010299300047336146,0.0008032500190893188,100.0,28.76480165358695,28.170055927041645
OR-Tools,20,5.778354313911256,5.801238227656135,1.0038612649979768,1.003258900003857,100.0,0.0,0.0
